{"cameraMode":{"drawMode":0,"name":"Shaded","section":"Shading Mode"},"sceneLighting":false,"audioPlay":false,"sceneViewState":{"showFog":true,"showMaterialUpdate":false,"showSkybox":true,"showFlares":true,"showImageEffects":true,"showParticleSystems":true},"in2DMode":false,"pivot":{"x":28.542591094970704,"y":-53.986488342285159,"z":78.99361419677735},"rotation":{"x":-0.2910768687725067,"y":-0.16511118412017823,"z":0.05107584968209267,"w":-0.9409590363502502},"size":105.10285949707031,"orthographic":false}