{"cameraMode":{"drawMode":0,"name":"Shaded","section":"Shading Mode"},"sceneLighting":false,"audioPlay":false,"sceneViewState":{"showFog":true,"showMaterialUpdate":false,"showSkybox":true,"showFlares":true,"showImageEffects":true,"showParticleSystems":true},"in2DMode":false,"pivot":{"x":-0.1064436137676239,"y":-0.028859496116638185,"z":-0.754036009311676},"rotation":{"x":-0.17101560533046723,"y":-0.7144444584846497,"z":0.18739278614521027,"w":-0.6520788669586182},"size":8.74079704284668,"orthographic":true}