{"cameraMode":{"drawMode":0,"name":"Shaded","section":"Shading Mode"},"sceneLighting":false,"audioPlay":false,"sceneViewState":{"showFog":true,"showMaterialUpdate":false,"showSkybox":true,"showFlares":true,"showImageEffects":true,"showParticleSystems":true},"in2DMode":false,"pivot":{"x":0.0,"y":0.6710000038146973,"z":-0.4490000009536743},"rotation":{"x":0.14559245109558106,"y":-0.6345533132553101,"z":0.12335365265607834,"w":0.7489519119262695},"size":6.803330898284912,"orthographic":true}