{"cameraMode":{"drawMode":0,"name":"Shaded","section":"Shading Mode"},"sceneLighting":false,"audioPlay":false,"sceneViewState":{"showFog":true,"showMaterialUpdate":false,"showSkybox":true,"showFlares":true,"showImageEffects":true,"showParticleSystems":true},"in2DMode":false,"pivot":{"x":0.35052490234375,"y":0.344482421875,"z":-0.97509765625},"rotation":{"x":-0.02124050073325634,"y":0.9642265439033508,"z":-0.25134947896003725,"w":-0.08148285746574402},"size":4.2936811447143559,"orthographic":true}