{"cameraMode":{"drawMode":0,"name":"Shaded","section":"Shading Mode"},"sceneLighting":false,"audioPlay":false,"sceneViewState":{"showFog":true,"showMaterialUpdate":false,"showSkybox":true,"showFlares":true,"showImageEffects":true,"showParticleSystems":true},"in2DMode":false,"pivot":{"x":2.9802322387695315e-8,"y":0.6399998664855957,"z":-0.0013422630727291108},"rotation":{"x":0.19505749642848969,"y":-0.3450887203216553,"z":0.07355424016714096,"w":0.9151263236999512},"size":1.9300072193145753,"orthographic":false}