{"cameraMode":{"drawMode":0,"name":"Shaded","section":"Shading Mode"},"sceneLighting":false,"audioPlay":false,"sceneViewState":{"showFog":true,"showMaterialUpdate":false,"showSkybox":true,"showFlares":true,"showImageEffects":true,"showParticleSystems":true},"in2DMode":false,"pivot":{"x":-7.035284042358398,"y":-15.254694938659668,"z":-12.40147590637207},"rotation":{"x":0.31697359681129458,"y":-0.2145502120256424,"z":0.07384877651929856,"w":0.9208921194076538},"size":26.638465881347658,"orthographic":false}