{"cameraMode":{"drawMode":0,"name":"Shaded","section":"Shading Mode"},"sceneLighting":false,"audioPlay":false,"sceneViewState":{"showFog":true,"showMaterialUpdate":false,"showSkybox":true,"showFlares":true,"showImageEffects":true,"showParticleSystems":true},"in2DMode":false,"pivot":{"x":-1.1920928955078126e-7,"y":0.6710000038146973,"z":1.1766754388809205},"rotation":{"x":0.25645697116851809,"y":0.5384770035743713,"z":-0.17635618150234223,"w":0.7830522656440735},"size":18.9747314453125,"orthographic":false}