{"cameraMode":{"drawMode":0,"name":"Shaded","section":"Shading Mode"},"sceneLighting":false,"audioPlay":false,"sceneViewState":{"showFog":true,"showMaterialUpdate":false,"showSkybox":true,"showFlares":true,"showImageEffects":true,"showParticleSystems":true},"in2DMode":false,"pivot":{"x":-0.1781764030456543,"y":1.2331819534301758,"z":0.9301247596740723},"rotation":{"x":0.131022647023201,"y":-0.3017825186252594,"z":0.04191283881664276,"w":0.9434000849723816},"size":33.52998733520508,"orthographic":true}