{"cameraMode":{"drawMode":0,"name":"Shaded","section":"Shading Mode"},"sceneLighting":false,"audioPlay":false,"sceneViewState":{"showFog":true,"showMaterialUpdate":false,"showSkybox":true,"showFlares":true,"showImageEffects":true,"showParticleSystems":true},"in2DMode":false,"pivot":{"x":-0.026532888412475587,"y":1.7621859312057496,"z":-0.16895580291748048},"rotation":{"x":0.1830758899450302,"y":-0.2911510467529297,"z":0.05687040463089943,"w":0.9372726678848267},"size":12.998722076416016,"orthographic":false}