{"cameraMode":{"drawMode":0,"name":"Shaded","section":"Shading Mode"},"sceneLighting":false,"audioPlay":false,"sceneViewState":{"showFog":true,"showMaterialUpdate":false,"showSkybox":true,"showFlares":true,"showImageEffects":true,"showParticleSystems":true},"in2DMode":false,"pivot":{"x":-0.7310066223144531,"y":3.2734837532043459,"z":0.2526068091392517},"rotation":{"x":-0.17101560533046723,"y":-0.7144444584846497,"z":0.18739278614521027,"w":-0.6520788669586182},"size":10.743864059448243,"orthographic":true}