{"cameraMode":{"drawMode":0,"name":"Shaded","section":"Shading Mode"},"sceneLighting":false,"audioPlay":false,"sceneViewState":{"showFog":true,"showMaterialUpdate":false,"showSkybox":true,"showFlares":true,"showImageEffects":true,"showParticleSystems":true},"in2DMode":false,"pivot":{"x":32.644256591796878,"y":2.843719482421875,"z":21.603561401367189},"rotation":{"x":0.2409754991531372,"y":-0.20288188755512238,"z":0.05158833786845207,"w":0.9476857781410217},"size":98.98058319091797,"orthographic":false}