{"cameraMode":{"drawMode":0,"name":"Shaded","section":"Shading Mode"},"sceneLighting":false,"audioPlay":false,"sceneViewState":{"showFog":true,"showMaterialUpdate":false,"showSkybox":true,"showFlares":true,"showImageEffects":true,"showParticleSystems":true},"in2DMode":false,"pivot":{"x":46.73209762573242,"y":-46.07313537597656,"z":38.69440841674805},"rotation":{"x":0.2921396791934967,"y":-0.2732427418231964,"z":0.08749689906835556,"w":0.9123251438140869},"size":18.35877227783203,"orthographic":false}