{"cameraMode":{"drawMode":0,"name":"Shaded","section":"Shading Mode"},"sceneLighting":false,"audioPlay":false,"sceneViewState":{"showFog":true,"showMaterialUpdate":false,"showSkybox":true,"showFlares":true,"showImageEffects":true,"showParticleSystems":true},"in2DMode":false,"pivot":{"x":0.8170166015625,"y":1.671630859375,"z":0.1474609375},"rotation":{"x":-0.17007851600646974,"y":0.03191933408379555,"z":-0.005512706004083157,"w":-0.984898030757904},"size":5.656802654266357,"orthographic":true}