{"cameraMode":{"drawMode":0,"name":"Shaded","section":"Shading Mode"},"sceneLighting":false,"audioPlay":false,"sceneViewState":{"showFog":true,"showMaterialUpdate":false,"showSkybox":true,"showFlares":true,"showImageEffects":true,"showParticleSystems":true},"in2DMode":false,"pivot":{"x":1.5495141744613648,"y":1.042301893234253,"z":-0.3912602961063385},"rotation":{"x":0.23586924374103547,"y":-0.2619670033454895,"z":0.06619434058666229,"w":0.933465301990509},"size":5.706573009490967,"orthographic":true}