{"cameraMode":{"drawMode":0,"name":"Shaded","section":"Shading Mode"},"sceneLighting":false,"audioPlay":false,"sceneViewState":{"showFog":true,"showMaterialUpdate":false,"showSkybox":true,"showFlares":true,"showImageEffects":true,"showParticleSystems":true},"in2DMode":false,"pivot":{"x":-1.1920928955078126e-7,"y":1.0187997817993165,"z":0.8816754817962647},"rotation":{"x":0.3121008574962616,"y":-0.37565937638282778,"z":0.13601996004581452,"w":0.8619580864906311},"size":22.54119300842285,"orthographic":false}