{"cameraMode":{"drawMode":0,"name":"Shaded","section":"Shading Mode"},"sceneLighting":false,"audioPlay":false,"sceneViewState":{"showFog":true,"showMaterialUpdate":false,"showSkybox":true,"showFlares":true,"showImageEffects":true,"showParticleSystems":true},"in2DMode":false,"pivot":{"x":-8.940696716308594e-8,"y":1.3899203538894654,"z":10.23865795135498},"rotation":{"x":0.19505749642848969,"y":-0.3450887203216553,"z":0.07355424016714096,"w":0.9151263236999512},"size":1.9300073385238648,"orthographic":false}