{"cameraMode":{"drawMode":0,"name":"Shaded","section":"Shading Mode"},"sceneLighting":false,"audioPlay":false,"sceneViewState":{"showFog":true,"showMaterialUpdate":false,"showSkybox":true,"showFlares":true,"showImageEffects":true,"showParticleSystems":true},"in2DMode":false,"pivot":{"x":0.9501951932907105,"y":2.924901008605957,"z":-1.2084472179412842},"rotation":{"x":-0.17101560533046723,"y":-0.7144444584846497,"z":0.18739278614521027,"w":-0.6520788669586182},"size":6.995308876037598,"orthographic":true}