{"cameraMode":{"drawMode":0,"name":"Shaded","section":"Shading Mode"},"sceneLighting":false,"audioPlay":false,"sceneViewState":{"showFog":true,"showMaterialUpdate":false,"showSkybox":true,"showFlares":true,"showImageEffects":true,"showParticleSystems":true},"in2DMode":false,"pivot":{"x":-0.0732421875,"y":2.373492956161499,"z":0.4251473546028137},"rotation":{"x":0.2936694622039795,"y":-0.39190933108329775,"z":0.1335822343826294,"w":0.8615806698799133},"size":6.768479824066162,"orthographic":true}