{"cameraMode":{"drawMode":0,"name":"Shaded","section":"Shading Mode"},"sceneLighting":false,"audioPlay":false,"sceneViewState":{"showFog":false,"showMaterialUpdate":false,"showSkybox":false,"showFlares":false,"showImageEffects":false,"showParticleSystems":false},"in2DMode":false,"pivot":{"x":-1.8799999952316285,"y":2.2699999809265138,"z":4.510000228881836},"rotation":{"x":-0.16566358506679536,"y":-0.22532103955745698,"z":0.038905102759599689,"w":-0.9593083262443543},"size":11.37552261352539,"orthographic":true}