{"cameraMode":{"drawMode":0,"name":"Shaded","section":"Shading Mode"},"sceneLighting":false,"audioPlay":false,"sceneViewState":{"showFog":true,"showMaterialUpdate":false,"showSkybox":true,"showFlares":true,"showImageEffects":true,"showParticleSystems":true},"in2DMode":false,"pivot":{"x":-0.10644376277923584,"y":0.9688606262207031,"z":2.0923681259155275},"rotation":{"x":-0.2769668698310852,"y":0.03371810168027878,"z":-0.009725132025778294,"w":-0.960238516330719},"size":18.358766555786134,"orthographic":false}