{"cameraMode":{"drawMode":0,"name":"Shaded","section":"Shading Mode"},"sceneLighting":false,"audioPlay":false,"sceneViewState":{"showFog":false,"showMaterialUpdate":false,"showSkybox":false,"showFlares":false,"showImageEffects":false,"showParticleSystems":false},"in2DMode":false,"pivot":{"x":1.5289783477783204,"y":12.499691009521485,"z":25.99224853515625},"rotation":{"x":-0.09358450770378113,"y":0.7800394892692566,"z":0.12028662115335465,"w":0.6068866848945618},"size":36.29277420043945,"orthographic":false}