{"cameraMode":{"drawMode":0,"name":"Shaded","section":"Shading Mode"},"sceneLighting":false,"audioPlay":false,"sceneViewState":{"showFog":false,"showMaterialUpdate":false,"showSkybox":false,"showFlares":false,"showImageEffects":false,"showParticleSystems":false},"in2DMode":false,"pivot":{"x":2.9802322387695315e-8,"y":0.6399998664855957,"z":5.998658180236816},"rotation":{"x":0.32148125767707827,"y":0.32358264923095705,"z":-0.11793341487646103,"w":0.8820633888244629},"size":13.475804328918457,"orthographic":false}