{"cameraMode":{"drawMode":0,"name":"Shaded","section":"Shading Mode"},"sceneLighting":false,"audioPlay":false,"sceneViewState":{"showFog":false,"showMaterialUpdate":false,"showSkybox":false,"showFlares":false,"showImageEffects":false,"showParticleSystems":false},"in2DMode":false,"pivot":{"x":8.681764602661133,"y":-11.876126289367676,"z":24.06517219543457},"rotation":{"x":-0.24766169488430024,"y":-0.5428875088691711,"z":0.1715061515569687,"w":-0.7839148640632629},"size":19.985214233398439,"orthographic":false}