{"cameraMode":{"drawMode":0,"name":"Shaded","section":"Shading Mode"},"sceneLighting":false,"audioPlay":false,"sceneViewState":{"showFog":false,"showMaterialUpdate":false,"showSkybox":false,"showFlares":false,"showImageEffects":false,"showParticleSystems":false},"in2DMode":false,"pivot":{"x":0.0030663013458251955,"y":0.017383575439453126,"z":-0.011249542236328125},"rotation":{"x":-0.3747296631336212,"y":0.32555392384529116,"z":-0.14247539639472962,"w":-0.8563253879547119},"size":28.665712356567384,"orthographic":true}