{"cameraMode":{"drawMode":0,"name":"Shaded","section":"Shading Mode"},"sceneLighting":false,"audioPlay":false,"sceneViewState":{"showFog":true,"showMaterialUpdate":false,"showSkybox":true,"showFlares":true,"showImageEffects":true,"showParticleSystems":true},"in2DMode":false,"pivot":{"x":0.0011315494775772095,"y":0.031987451016902927,"z":-0.1172012984752655},"rotation":{"x":-0.2769668698310852,"y":0.03371810168027878,"z":-0.009725132025778294,"w":-0.960238516330719},"size":0.43329158425331118,"orthographic":false}