{"cameraMode":{"drawMode":0,"name":"Shaded","section":"Shading Mode"},"sceneLighting":false,"audioPlay":false,"sceneViewState":{"showFog":true,"showMaterialUpdate":false,"showSkybox":true,"showFlares":true,"showImageEffects":true,"showParticleSystems":true},"in2DMode":false,"pivot":{"x":-5.1441569328308109,"y":-2.996333599090576,"z":4.97659969329834},"rotation":{"x":-0.27299654483795168,"y":0.16549088060855866,"z":-0.04773292317986488,"w":-0.9464709758758545},"size":15.701080322265625,"orthographic":false}