{"cameraMode":{"drawMode":0,"name":"Shaded","section":"Shading Mode"},"sceneLighting":false,"audioPlay":false,"sceneViewState":{"showFog":false,"showMaterialUpdate":false,"showSkybox":false,"showFlares":false,"showImageEffects":false,"showParticleSystems":false},"in2DMode":false,"pivot":{"x":0.009999990463256836,"y":1.6495674848556519,"z":0.0},"rotation":{"x":-0.5573036670684815,"y":-0.3062157928943634,"z":0.23181547224521638,"w":-0.7361428141593933},"size":17.338088989257814,"orthographic":false}