{"cameraMode":{"drawMode":0,"name":"Shaded","section":"Shading Mode"},"sceneLighting":false,"audioPlay":false,"sceneViewState":{"showFog":true,"showMaterialUpdate":false,"showSkybox":true,"showFlares":true,"showImageEffects":true,"showParticleSystems":true},"in2DMode":false,"pivot":{"x":-0.25,"y":0.8833422660827637,"z":2.3653078079223635},"rotation":{"x":-0.2769668698310852,"y":0.03371810168027878,"z":-0.009725132025778294,"w":-0.960238516330719},"size":21.18919563293457,"orthographic":false}