{"cameraMode":{"drawMode":0,"name":"Shaded","section":"Shading Mode"},"sceneLighting":false,"audioPlay":false,"sceneViewState":{"showFog":true,"showMaterialUpdate":false,"showSkybox":true,"showFlares":true,"showImageEffects":true,"showParticleSystems":true},"in2DMode":false,"pivot":{"x":0.10644343495368958,"y":0.9711405038833618,"z":-0.05485391616821289},"rotation":{"x":-0.2769668698310852,"y":0.03371810168027878,"z":-0.009725132025778294,"w":-0.960238516330719},"size":11.271040916442871,"orthographic":false}