{"cameraMode":{"drawMode":0,"name":"Shaded","section":"Shading Mode"},"sceneLighting":false,"audioPlay":false,"sceneViewState":{"showFog":false,"showMaterialUpdate":false,"showSkybox":false,"showFlares":false,"showImageEffects":false,"showParticleSystems":false},"in2DMode":false,"pivot":{"x":-0.10107421875,"y":1.22314453125,"z":-0.43212890625},"rotation":{"x":0.006669274065643549,"y":0.9686577320098877,"z":-0.02616233006119728,"w":0.246927872300148},"size":2.1802492141723635,"orthographic":true}