{"cameraMode":{"drawMode":0,"name":"Shaded","section":"Shading Mode"},"sceneLighting":false,"audioPlay":false,"sceneViewState":{"showFog":true,"showMaterialUpdate":false,"showSkybox":true,"showFlares":true,"showImageEffects":true,"showParticleSystems":true},"in2DMode":false,"pivot":{"x":0.10644340515136719,"y":0.9711405038833618,"z":0.9311840534210205},"rotation":{"x":0.2349899560213089,"y":0.029452012851834298,"z":-0.007124064490199089,"w":0.9715254306793213},"size":10.160422325134278,"orthographic":false}