{"cameraMode":{"drawMode":0,"name":"Shaded","section":"Shading Mode"},"sceneLighting":false,"audioPlay":false,"sceneViewState":{"showFog":false,"showMaterialUpdate":false,"showSkybox":false,"showFlares":false,"showImageEffects":false,"showParticleSystems":false},"in2DMode":false,"pivot":{"x":2.9802322387695315e-8,"y":0.6399998664855957,"z":5.998658180236816},"rotation":{"x":0.3871594965457916,"y":0.6055771708488464,"z":-0.42777419090270998,"w":0.5480812788009644},"size":13.475804328918457,"orthographic":true}