{"cameraMode":{"drawMode":0,"name":"Shaded","section":"Shading Mode"},"sceneLighting":false,"audioPlay":false,"sceneViewState":{"showFog":false,"showMaterialUpdate":false,"showSkybox":false,"showFlares":false,"showImageEffects":false,"showParticleSystems":false},"in2DMode":false,"pivot":{"x":-8.940696716308594e-8,"y":1.3899203538894654,"z":10.23865795135498},"rotation":{"x":0.1427982747554779,"y":0.4588836133480072,"z":-0.07499637454748154,"w":0.873733401298523},"size":1.9300073385238648,"orthographic":false}