{"cameraMode":{"drawMode":0,"name":"Shaded","section":"Shading Mode"},"sceneLighting":false,"audioPlay":false,"sceneViewState":{"showFog":true,"showMaterialUpdate":false,"showSkybox":true,"showFlares":true,"showImageEffects":true,"showParticleSystems":true},"in2DMode":false,"pivot":{"x":1.7668499946594239,"y":-0.7009549140930176,"z":0.9839687347412109},"rotation":{"x":0.3090234100818634,"y":0.5496251583099365,"z":-0.22902967035770417,"w":0.7415944337844849},"size":5.675877571105957,"orthographic":false}