{"cameraMode":{"drawMode":0,"name":"Shaded","section":"Shading Mode"},"sceneLighting":false,"audioPlay":false,"sceneViewState":{"showFog":true,"showMaterialUpdate":false,"showSkybox":true,"showFlares":true,"showImageEffects":true,"showParticleSystems":true},"in2DMode":false,"pivot":{"x":0.06053054332733154,"y":0.8449351787567139,"z":-0.17054414749145509},"rotation":{"x":-0.2769668698310852,"y":0.03371810168027878,"z":-0.009725132025778294,"w":-0.960238516330719},"size":6.810645580291748,"orthographic":false}