{"cameraMode":{"drawMode":0,"name":"Shaded","section":"Shading Mode"},"sceneLighting":false,"audioPlay":false,"sceneViewState":{"showFog":false,"showMaterialUpdate":false,"showSkybox":false,"showFlares":false,"showImageEffects":false,"showParticleSystems":false},"in2DMode":false,"pivot":{"x":1.0299999713897706,"y":1.1749999523162842,"z":-1.2063422203063965},"rotation":{"x":0.3871594965457916,"y":0.6055771708488464,"z":-0.42777419090270998,"w":0.5480812788009644},"size":6.1934943199157719,"orthographic":true}