{"cameraMode":{"drawMode":0,"name":"Shaded","section":"Shading Mode"},"sceneLighting":false,"audioPlay":false,"sceneViewState":{"showFog":false,"showMaterialUpdate":false,"showSkybox":false,"showFlares":false,"showImageEffects":false,"showParticleSystems":false},"in2DMode":false,"pivot":{"x":2.812821388244629,"y":2.5103373527526857,"z":32.77642822265625},"rotation":{"x":-0.14566822350025178,"y":-0.6951040029525757,"z":0.14706411957740785,"w":-0.6884645223617554},"size":10.785738945007325,"orthographic":false}