{"cameraMode":{"drawMode":0,"name":"Shaded","section":"Shading Mode"},"sceneLighting":false,"audioPlay":false,"sceneViewState":{"showFog":true,"showMaterialUpdate":false,"showSkybox":true,"showFlares":true,"showImageEffects":true,"showParticleSystems":true},"in2DMode":false,"pivot":{"x":0.0,"y":0.8269339799880981,"z":0.02210378646850586},"rotation":{"x":0.3275100886821747,"y":0.11610326915979386,"z":-0.04059009626507759,"w":0.9368082284927368},"size":6.582053184509277,"orthographic":false}