{"cameraMode":{"drawMode":0,"name":"Shaded","section":"Shading Mode"},"sceneLighting":false,"audioPlay":false,"sceneViewState":{"showFog":false,"showMaterialUpdate":false,"showSkybox":false,"showFlares":false,"showImageEffects":false,"showParticleSystems":false},"in2DMode":false,"pivot":{"x":0.050836801528930667,"y":-0.029337048530578615,"z":-0.10528427362442017},"rotation":{"x":-0.46113523840904238,"y":0.04681064188480377,"z":-0.024382755160331727,"w":-0.8857586979866028},"size":11.611160278320313,"orthographic":true}