{"cameraMode":{"drawMode":0,"name":"Shaded","section":"Shading Mode"},"sceneLighting":false,"audioPlay":false,"sceneViewState":{"showFog":false,"showMaterialUpdate":false,"showSkybox":false,"showFlares":false,"showImageEffects":false,"showParticleSystems":false},"in2DMode":false,"pivot":{"x":36.90350341796875,"y":418.98095703125,"z":1318.655029296875},"rotation":{"x":0.002728511579334736,"y":-0.9850338101387024,"z":0.17162634432315827,"w":0.015664519742131234},"size":21.73362922668457,"orthographic":true}